"Date","Price","Open","High","Low","Vol.","Change %"
"Jan 01, 2017","999.0","966.6","1,006.5","961.3","13.44K","3.35%"
"Dec 31, 2016","966.6","959.2","968.0","945.0","7.16K","0.76%"
"Dec 30, 2016","959.3","974.7","974.7","929.8","19.36K","-1.37%"
"Dec 29, 2016","972.6","981.7","983.0","949.0","22.56K","-0.92%"
"Dec 28, 2016","981.7","936.4","983.0","936.4","20.82K","4.85%"
"Dec 27, 2016","936.3","906.4","940.0","903.5","9.19K","3.30%"
"Dec 26, 2016","906.4","898.0","920.0","894.2","11.83K","0.94%"
"Dec 25, 2016","898.0","895.2","901.5","858.6","12.04K","0.31%"
"Dec 24, 2016","895.2","919.0","919.8","882.8","7.39K","-2.58%"
"Dec 23, 2016","919.0","859.2","920.0","859.0","26.03K","6.96%"
"Dec 22, 2016","859.2","829.3","873.9","825.0","15.25K","3.52%"
"Dec 21, 2016","830.0","798.8","830.5","795.0","16.22K","4.01%"
"Dec 20, 2016","798.0","790.6","802.3","788.0","6.99K","0.94%"
"Dec 19, 2016","790.6","790.2","792.2","788.0","2.15K","0.05%"
"Dec 18, 2016","790.2","791.0","792.8","784.4","2.43K","-0.10%"
"Dec 17, 2016","791.0","784.2","793.0","784.2","6.20K","0.87%"
"Dec 16, 2016","784.2","777.4","785.0","775.9","4.77K","0.87%"
"Dec 15, 2016","777.4","774.5","780.1","774.5","3.18K","0.38%"
"Dec 14, 2016","774.5","775.0","781.2","771.2","3.68K","-0.07%"
"Dec 13, 2016","775.0","778.0","788.9","763.7","5.58K","-0.38%"
"Dec 12, 2016","778.0","770.2","784.1","770.2","6.76K","1.01%"
"Dec 11, 2016","770.2","772.9","773.7","761.8","4.14K","-0.35%"
"Dec 10, 2016","772.9","770.5","777.8","770.0","3.36K","0.31%"
"Dec 09, 2016","770.5","765.0","772.7","765.0","3.65K","0.72%"
"Dec 08, 2016","765.0","765.0","773.2","762.7","4.75K","0.00%"
"Dec 07, 2016","765.0","757.2","772.2","749.1","10.69K","1.01%"
"Dec 06, 2016","757.4","750.6","758.5","750.4","5.28K","0.90%"
"Dec 05, 2016","750.6","768.5","769.0","744.6","10.07K","-2.33%"
"Dec 04, 2016","768.5","765.5","770.0","760.9","4.20K","0.42%"
"Dec 03, 2016","765.3","774.9","774.9","756.0","5.73K","-1.24%"
"Dec 02, 2016","774.9","755.4","779.2","755.2","13.41K","2.59%"
"Dec 01, 2016","755.4","739.0","756.0","738.8","13.40K","2.21%"
"Nov 30, 2016","739.0","731.0","743.1","729.1","5.53K","1.09%"
"Nov 29, 2016","731.0","731.5","733.9","728.7","5.65K","-0.06%"
"Nov 28, 2016","731.5","724.9","735.0","724.9","4.14K","0.90%"
"Nov 27, 2016","725.0","731.2","736.2","722.5","3.49K","-0.85%"
"Nov 26, 2016","731.2","740.4","741.0","720.0","4.49K","-1.24%"
"Nov 25, 2016","740.4","737.7","741.1","730.0","4.06K","0.36%"
"Nov 24, 2016","737.7","742.0","744.3","727.6","6.07K","-0.58%"
"Nov 23, 2016","742.0","749.8","750.9","730.8","5.58K","-1.07%"
"Nov 22, 2016","750.0","739.0","753.9","733.3","9.48K","1.50%"
"Nov 21, 2016","739.0","729.7","740.6","728.1","7.20K","1.28%"
"Nov 20, 2016","729.7","752.9","757.0","712.0","13.91K","-3.09%"
"Nov 19, 2016","752.9","754.0","760.0","740.0","6.04K","-0.14%"
"Nov 18, 2016","754.0","740.7","756.9","734.5","6.96K","1.80%"
"Nov 17, 2016","740.7","745.0","762.4","735.0","14.89K","-0.58%"
"Nov 16, 2016","745.0","712.2","747.5","710.1","17.95K","4.61%"
"Nov 15, 2016","712.2","707.4","720.0","707.4","7.94K","0.67%"
"Nov 14, 2016","707.4","708.1","709.0","699.0","6.01K","0.47%"
"Oct 31, 2016","704.1","702.5","706.0","688.0","10.56K","0.22%"
"Oct 30, 2016","702.5","714.5","716.6","697.8","12.20K","-1.67%"
"Oct 29, 2016","714.5","693.5","724.0","692.3","15.28K","3.03%"
"Oct 28, 2016","693.5","688.7","695.0","681.6","10.10K","0.70%"
"Oct 27, 2016","688.7","678.7","690.6","676.7","12.93K","1.47%"
"Oct 26, 2016","678.7","659.5","685.6","658.5","11.69K","2.91%"
"Oct 25, 2016","659.5","654.7","670.0","652.7","5.52K","0.74%"
"Oct 24, 2016","654.7","659.0","659.0","654.0","5.70K","-0.66%"
"Oct 23, 2016","659.0","665.0","671.4","656.0","5.73K","-0.90%"
"Oct 22, 2016","665.0","636.7","671.0","635.1","10.09K","4.44%"
"Oct 21, 2016","636.7","632.5","639.0","632.0","7.22K","0.68%"
"Oct 20, 2016","632.5","631.8","633.6","628.0","3.34K","0.11%"
"Oct 19, 2016","631.8","638.7","643.9","627.8","8.99K","-1.10%"
"Oct 18, 2016","638.8","639.8","641.7","632.9","6.09K","-0.15%"
"Oct 17, 2016","639.8","644.2","644.6","637.8","5.02K","-0.68%"
"Oct 16, 2016","644.2","640.2","645.8","639.8","2.39K","0.62%"
"Oct 15, 2016","640.2","643.0","645.7","637.9","2.40K","-0.44%"
"Oct 14, 2016","643.0","637.0","645.4","636.7","6.64K","0.94%"
"Oct 13, 2016","637.0","637.6","643.7","636.4","5.01K","-0.10%"
"Oct 12, 2016","637.6","641.9","644.1","637.3","3.85K","-0.64%"
"Oct 11, 2016","641.7","618.9","646.0","618.1","12.53K","3.70%"
"Oct 10, 2016","618.9","616.6","620.0","615.9","3.09K","0.37%"
"Oct 09, 2016","616.6","620.5","620.9","614.4","2.74K","-0.63%"
"Oct 08, 2016","620.5","620.1","622.9","617.9","3.11K","0.06%"
"Oct 07, 2016","620.1","613.5","621.2","613.0","4.85K","1.08%"
"Oct 06, 2016","613.5","614.1","615.9","612.7","3.08K","-0.09%"
"Oct 05, 2016","614.1","610.7","617.3","610.0","3.41K","0.51%"
"Oct 04, 2016","611.0","612.7","614.0","609.6","4.01K","-0.26%"
"Oct 03, 2016","612.6","609.1","613.2","608.9","3.28K","0.57%"
"Oct 02, 2016","609.1","614.1","614.2","607.0","4.97K","-0.81%"
"Oct 01, 2016","614.1","611.1","616.9","611.1","1.90K","0.49%"
"Sep 30, 2016","611.1","604.6","612.9","604.3","2.36K","1.08%"
"Sep 29, 2016","604.6","603.8","607.8","603.2","3.14K","0.14%"
"Sep 28, 2016","603.8","605.5","605.8","603.1","2.05K","-0.29%"
"Sep 27, 2016","605.5","609.1","609.9","602.0","3.20K","-0.59%"
"Sep 26, 2016","609.1","600.4","610.0","599.9","3.11K","1.46%"
"Sep 25, 2016","600.4","602.5","603.6","597.6","1.39K","-0.36%"
"Sep 24, 2016","602.5","603.3","605.8","601.5","0.94K","-0.12%"
"Sep 23, 2016","603.3","597.1","604.0","596.0","1.96K","1.04%"
"Sep 22, 2016","597.1","597.4","598.7","596.0","2.33K","-0.06%"
"Sep 21, 2016","597.4","600.1","600.1","592.7","7.66K","-0.44%"
"Sep 20, 2016","600.0","609.8","612.0","600.0","3.37K","-1.60%"
"Sep 19, 2016","609.8","613.0","615.0","608.9","2.96K","-0.53%"
"Sep 18, 2016","613.0","607.7","615.9","607.4","2.93K","0.88%"
"Sep 17, 2016","607.7","610.0","610.6","605.0","3.57K","-0.38%"
"Sep 16, 2016","610.0","611.8","614.2","609.5","3.70K","-0.29%"
"Sep 15, 2016","611.8","613.9","617.3","611.0","4.38K","-0.34%"
"Sep 14, 2016","613.9","614.2","617.4","612.0","5.93K","-0.06%"
"Sep 13, 2016","614.2","611.6","618.0","610.0","7.27K","0.43%"
"Sep 12, 2016","611.6","612.1","615.2","608.1","4.97K","-0.08%"
"Sep 11, 2016","612.1","628.0","635.0","598.0","9.64K","-2.54%"
"Sep 10, 2016","628.0","626.3","629.7","624.9","4.04K","0.28%"
"Sep 09, 2016","626.3","631.7","633.5","621.3","4.27K","-0.87%"
"Sep 08, 2016","631.7","619.8","636.2","617.8","8.27K","1.93%"
"Sep 07, 2016","619.8","615.1","620.6","610.8","5.53K","0.73%"
"Sep 06, 2016","615.2","611.5","616.7","609.8","3.09K","0.61%"
"Sep 05, 2016","611.5","614.5","615.7","605.7","5.08K","-0.49%"
"Sep 04, 2016","614.5","609.9","618.7","604.6","5.06K","0.76%"
"Sep 03, 2016","609.9","579.8","612.4","576.0","8.21K","5.18%"
"Sep 02, 2016","579.8","572.7","581.1","570.6","5.67K","1.24%"
"Sep 01, 2016","572.7","576.2","578.0","571.5","3.62K","-0.59%"
"Aug 31, 2016","576.2","579.5","579.5","572.7","3.51K","-0.58%"
"Aug 30, 2016","579.5","574.8","580.2","574.2","3.20K","0.82%"
"Aug 29, 2016","574.8","574.2","578.0","573.0","2.80K","0.11%"
"Aug 28, 2016","574.2","568.5","574.4","568.3","1.52K","0.99%"
"Aug 27, 2016","568.5","578.0","578.9","567.2","2.26K","-1.64%"
"Aug 26, 2016","578.0","577.2","579.5","575.1","1.77K","0.14%"
"Aug 25, 2016","577.2","580.3","581.1","574.0","3.57K","-0.54%"
"Aug 24, 2016","580.3","583.5","586.9","580.0","5.05K","-0.55%"
"Aug 23, 2016","583.5","588.0","590.7","581.1","4.80K","-0.76%"
"Aug 22, 2016","588.0","581.4","590.0","581.4","4.62K","1.13%"
"Aug 21, 2016","581.4","582.1","584.2","580.0","2.43K","-0.10%"
"Aug 20, 2016","582.0","573.5","582.8","571.3","3.34K","1.48%"
"Aug 19, 2016","573.5","572.3","577.2","570.8","2.93K","0.23%"
"Aug 18, 2016","572.2","571.8","578.0","569.7","6.00K","0.07%"
"Aug 17, 2016","571.8","574.2","577.9","569.0","5.03K","-0.42%"
"Aug 16, 2016","574.2","564.6","579.0","564.0","6.22K","1.70%"
"Aug 15, 2016","564.6","569.4","574.0","563.0","7.65K","-0.84%"
"Aug 14, 2016","569.4","583.7","583.7","564.0","7.51K","-2.45%"
"Aug 13, 2016","583.7","585.5","590.0","582.1","6.42K","-0.30%"
"Aug 12, 2016","585.5","591.3","593.0","584.0","6.29K","-0.98%"
"Aug 11, 2016","591.3","590.5","599.0","587.8","15.30K","0.17%"
"Aug 10, 2016","590.3","604.1","614.5","579.0","21.35K","-2.29%"
"Aug 09, 2016","604.1","604.1","604.1","604.1","-","0.00%"
"Aug 08, 2016","604.1","604.1","604.1","604.1","-","0.00%"
"Aug 07, 2016","604.1","604.1","604.1","604.1","-","0.00%"
"Aug 06, 2016","0.0","0.0","0.0","0.0","-","0.00%"
"Aug 05, 2016","0.0","0.0","0.0","0.0","-","0.00%"
"Aug 04, 2016","0.0","0.0","0.0","0.0","-","0.00%"
"Aug 03, 2016","0.0","0.0","0.0","0.0","-","-100.00%"
"Aug 02, 2016","604.0","608.3","615.3","595.0","48.65K","-0.66%"
"Aug 01, 2016","608.0","622.7","627.3","605.0","31.43K","-2.51%"
"Jul 31, 2016","623.7","655.0","655.1","621.3","33.26K","-4.78%"
"Jul 30, 2016","655.0","658.3","660.5","651.8","8.09K","-0.51%"
"Jul 29, 2016","658.3","657.0","660.4","654.5","9.23K","0.59%"
"Jul 27, 2016","654.5","648.5","657.1","646.6","11.79K","0.93%"
"Jul 26, 2016","648.5","654.2","657.6","640.6","20.36K","-0.87%"
"Jul 25, 2016","654.2","661.8","664.4","650.0","14.84K","-1.16%"
"Jul 24, 2016","661.8","654.0","664.1","650.5","14.02K","1.19%"
"Jul 23, 2016","654.0","648.0","657.1","645.0","10.00K","0.92%"
"Jul 22, 2016","648.0","665.0","668.0","640.0","27.84K","-2.55%"
"Jul 21, 2016","665.0","665.8","668.0","657.6","10.70K","-0.13%"
"Jul 20, 2016","665.8","675.0","676.0","661.3","12.85K","-1.36%"
"Jul 19, 2016","675.0","674.3","676.6","666.3","10.95K","0.10%"
"Jul 18, 2016","674.3","683.2","686.0","666.5","18.08K","-1.30%"
"Jul 17, 2016","683.2","665.3","689.7","663.6","20.41K","2.69%"
"Jul 16, 2016","665.3","665.5","669.6","659.1","5.92K","-0.03%"
"Jul 15, 2016","665.5","659.8","669.6","658.2","9.47K","0.87%"
"Jul 14, 2016","659.8","653.7","666.0","650.0","20.20K","0.93%"
"Jul 13, 2016","653.7","667.1","669.9","652.5","17.54K","-2.02%"
"Jul 12, 2016","667.2","648.0","678.0","645.6","30.22K","2.97%"
"Jul 11, 2016","648.0","649.7","662.5","643.4","13.92K","-0.27%"
"Jul 10, 2016","649.7","648.1","651.5","636.9","10.27K","0.25%"
"Jul 09, 2016","648.1","664.8","664.8","624.0","46.88K","-2.51%"
"Jul 08, 2016","664.8","640.5","666.6","634.0","32.88K","3.79%"
"Jul 07, 2016","640.5","677.4","682.0","610.1","75.70K","-5.40%"
"Jul 06, 2016","677.0","667.8","682.6","667.0","15.92K","1.39%"
"Jul 05, 2016","667.8","681.3","682.7","659.3","17.40K","-1.99%"
"Jul 04, 2016","681.3","659.3","684.2","644.5","23.52K","3.34%"
"Jul 03, 2016","659.3","706.0","707.0","644.4","44.70K","-6.49%"
"Jul 02, 2016","705.0","674.8","705.3","673.4","29.14K","4.49%"
"Jul 01, 2016","674.8","674.7","690.6","667.6","41.62K","0.00%"
"Jun 30, 2016","674.7","640.0","677.5","635.6","40.25K","5.48%"
"Jun 29, 2016","639.7","646.6","646.6","622.0","33.26K","-1.02%"
"Jun 28, 2016","646.3","662.2","664.3","633.0","35.75K","-2.40%"
"Jun 27, 2016","662.2","627.4","662.2","617.3","46.01K","5.54%"
"Jun 26, 2016","627.4","664.9","667.9","614.3","45.12K","-5.63%"
"Jun 25, 2016","664.9","665.5","698.0","642.8","55.63K","-0.18%"
"Jun 24, 2016","666.0","625.8","680.0","625.8","92.36K","6.43%"
"Jun 23, 2016","625.8","605.6","638.2","555.6","122.98K","3.26%"
"Jun 22, 2016","606.0","669.0","688.2","588.9","100.50K","-9.40%"
"Jun 21, 2016","668.9","705.8","715.8","668.9","102.12K","-10.08%"
"Jun 20, 2016","743.9","767.3","767.7","724.3","49.09K","-3.05%"
"Jun 19, 2016","767.3","757.6","771.9","740.0","26.70K","1.28%"
"Jun 18, 2016","757.6","748.7","789.7","721.6","66.95K","1.19%"
"Jun 17, 2016","748.7","769.5","780.0","703.1","97.38K","-2.70%"
"Jun 16, 2016","769.5","697.0","778.5","697.0","123.86K","10.41%"
"Jun 15, 2016","696.9","684.5","699.1","669.2","34.04K","1.81%"
"Jun 14, 2016","684.5","705.9","705.9","656.5","65.74K","-3.03%"
"Jun 13, 2016","705.9","672.0","719.0","659.9","117.69K","5.20%"
"Jun 12, 2016","671.0","614.6","685.0","607.0","116.40K","9.19%"
"Jun 11, 2016","614.5","580.1","615.0","579.3","28.43K","5.94%"
"Jun 10, 2016","580.1","575.5","582.4","572.5","16.17K","0.79%"
"Jun 09, 2016","575.5","583.0","583.7","570.0","21.87K","-1.29%"
"Jun 08, 2016","583.0","576.9","585.0","571.1","18.08K","1.07%"
"Jun 07, 2016","576.9","585.2","592.1","561.3","36.12K","-1.43%"
"Jun 06, 2016","585.2","574.0","588.5","574.0","27.45K","1.95%"
"Jun 05, 2016","574.0","572.9","586.0","565.2","28.14K","0.23%"
"Jun 04, 2016","572.7","570.9","593.7","561.5","39.12K","0.32%"
"Jun 03, 2016","570.9","538.8","579.0","535.8","48.45K","5.95%"
"Jun 02, 2016","538.8","536.8","543.7","532.4","16.88K","0.37%"
"Jun 01, 2016","536.8","530.7","546.1","523.8","27.82K","1.15%"
"May 31, 2016","530.7","532.9","546.5","518.0","49.88K","-0.41%"
"May 30, 2016","532.9","531.0","548.4","521.1","32.60K","0.36%"
"May 29, 2016","531.0","527.0","567.0","512.5","83.72K","0.76%"
"May 28, 2016","527.0","472.0","541.0","471.0","74.36K","11.65%"
"May 27, 2016","472.0","454.0","482.3","453.6","59.12K","3.98%"
"May 26, 2016","454.0","449.1","454.7","446.0","9.52K","1.09%"
"May 25, 2016","449.1","445.0","450.4","443.0","12.35K","0.91%"
"May 24, 2016","445.0","443.5","447.8","442.4","8.33K","0.31%"
"May 23, 2016","443.7","437.5","444.4","436.5","7.87K","1.41%"
"May 22, 2016","437.5","440.8","441.0","435.1","7.24K","-0.76%"
"May 21, 2016","440.8","441.6","442.2","437.0","6.22K","-0.17%"
"May 20, 2016","441.6","434.5","443.1","433.0","14.29K","1.51%"
"May 19, 2016","435.0","453.5","454.7","433.0","30.35K","-4.08%"
"May 18, 2016","453.5","453.2","456.9","451.5","7.16K","0.06%"
"May 17, 2016","453.2","453.0","454.9","451.0","7.63K","0.05%"
"May 16, 2016","453.0","457.9","459.0","451.0","8.77K","-1.07%"
"May 15, 2016","457.9","455.8","460.7","454.7","5.64K","0.46%"
"May 14, 2016","455.8","455.8","458.5","454.1","3.61K","0.00%"
"May 13, 2016","455.8","455.0","457.5","452.0","7.13K","0.17%"
"May 12, 2016","455.0","452.3","456.1","445.9","18.08K","0.60%"
"May 11, 2016","452.3","450.7","454.7","450.0","8.03K","0.35%"
"May 10, 2016","450.7","461.6","464.0","446.2","22.57K","-2.35%"
"May 09, 2016","461.6","459.9","465.4","457.8","15.12K","0.37%"
"May 08, 2016","459.9","460.2","461.6","456.0","6.45K","-0.07%"
"May 07, 2016","460.2","461.2","463.0","458.3","7.81K","-0.21%"
"May 06, 2016","461.2","448.4","465.0","448.0","26.54K","2.85%"
"May 05, 2016","448.4","447.4","450.4","446.1","10.79K","0.23%"
"May 04, 2016","447.4","450.4","451.0","445.1","7.05K","-0.67%"
"May 03, 2016","450.4","443.7","452.0","440.1","12.16K","1.50%"
"May 02, 2016","443.7","451.1","452.5","436.0","29.74K","-1.64%"
"May 01, 2016","451.1","446.6","453.0","445.7","3.90K","1.01%"
"Apr 30, 2016","446.6","455.3","456.0","445.1","10.58K","-1.92%"
"Apr 29, 2016","455.3","450.5","457.4","445.8","13.42K","1.08%"
"Apr 28, 2016","450.5","444.9","450.8","435.0","25.33K","1.21%"
"Apr 27, 2016","445.1","468.1","469.7","443.4","40.28K","-4.92%"
"Apr 26, 2016","468.1","461.8","472.0","461.8","18.72K","1.38%"
"Apr 25, 2016","461.8","463.0","471.6","455.0","25.90K","-0.27%"
"Apr 24, 2016","463.0","453.7","465.0","450.2","24.13K","2.05%"
"Apr 23, 2016","453.7","447.8","454.6","445.7","10.16K","1.32%"
"Apr 22, 2016","447.8","452.3","453.1","444.5","12.21K","-0.94%"
"Apr 21, 2016","452.0","443.9","454.5","442.3","17.83K","1.82%"
"Apr 20, 2016","444.0","437.8","446.5","436.6","21.25K","1.41%"
"Apr 19, 2016","437.8","430.0","439.0","428.5","12.05K","1.80%"
"Apr 18, 2016","430.0","428.5","430.9","426.5","7.58K","0.36%"
"Apr 17, 2016","428.5","432.5","433.5","426.4","8.48K","-0.82%"
"Apr 16, 2016","432.0","431.5","435.7","430.5","7.71K","0.13%"
"Apr 15, 2016","431.5","426.0","432.4","426.0","15.84K","1.28%"
"Apr 14, 2016","426.0","424.8","426.4","424.0","4.13K","0.30%"
"Apr 13, 2016","424.8","426.6","427.7","423.0","6.67K","-0.43%"
"Apr 12, 2016","426.6","423.7","430.0","423.7","14.77K","0.67%"
"Apr 11, 2016","423.7","421.3","423.9","418.8","6.40K","0.57%"
"Apr 10, 2016","421.3","418.5","422.8","417.5","4.25K","0.68%"
"Apr 09, 2016","418.5","418.5","418.8","412.0","6.33K","0.00%"
"Apr 08, 2016","418.5","422.3","424.5","415.5","9.85K","-0.90%"
"Apr 07, 2016","422.3","422.6","422.9","417.8","7.73K","-0.07%"
"Apr 06, 2016","422.6","423.8","424.5","421.7","5.68K","-0.28%"
"Apr 05, 2016","423.8","420.5","424.6","419.6","7.26K","0.78%"
"Apr 04, 2016","420.5","420.6","421.2","416.3","5.75K","-0.03%"
"Apr 03, 2016","420.6","420.3","421.7","417.6","4.25K","0.07%"
"Apr 02, 2016","420.3","417.9","422.8","417.5","6.12K","0.66%"
"Apr 01, 2016","417.6","416.0","417.6","414.0","5.41K","0.37%"
"Mar 31, 2016","416.0","413.2","418.3","413.0","7.27K","0.68%"
"Mar 30, 2016","413.2","416.0","416.0","408.6","9.04K","-0.63%"
"Mar 29, 2016","415.8","424.1","426.4","407.5","23.30K","-1.95%"
"Mar 28, 2016","424.1","427.4","428.0","422.4","9.25K","-0.77%"
"Mar 27, 2016","427.4","416.7","431.0","415.8","22.33K","2.56%"
"Mar 26, 2016","416.7","416.0","418.7","414.5","5.04K","0.17%"
"Mar 25, 2016","416.0","415.3","417.0","413.0","3.69K","0.17%"
"Mar 24, 2016","415.3","418.1","418.1","414.0","7.56K","-0.67%"
"Mar 23, 2016","418.1","417.7","419.7","415.8","7.19K","0.10%"
"Mar 22, 2016","417.7","411.9","418.7","409.9","10.20K","1.41%"
"Mar 21, 2016","411.9","411.3","412.1","406.0","7.82K","0.15%"
"Mar 20, 2016","411.3","408.4","413.0","407.9","5.66K","0.70%"
"Mar 19, 2016","408.4","407.7","410.7","404.0","8.96K","0.17%"
"Mar 18, 2016","407.7","418.8","418.9","403.0","21.09K","-2.64%"
"Mar 17, 2016","418.8","417.3","420.6","416.7","8.31K","0.35%"
"Mar 16, 2016","417.3","415.5","418.0","414.0","7.07K","0.43%"
"Mar 15, 2016","415.5","415.9","418.8","412.8","9.63K","-0.12%"
"Mar 14, 2016","416.0","411.9","417.9","411.8","9.21K","1.01%"
"Mar 13, 2016","411.8","410.0","416.0","410.0","7.63K","0.44%"
"Mar 12, 2016","410.0","420.5","421.8","406.5","17.02K","-2.49%"
"Mar 11, 2016","420.5","416.5","423.6","415.5","15.46K","0.96%"
"Mar 10, 2016","416.5","413.0","417.2","410.7","13.71K","0.86%"
"Mar 09, 2016","412.9","411.4","414.5","407.8","9.03K","0.39%"
"Mar 08, 2016","411.4","412.6","415.9","406.0","10.23K","-0.33%"
"Mar 07, 2016","412.7","403.8","415.3","401.6","15.31K","2.18%"
"Mar 06, 2016","403.9","397.4","409.5","392.0","19.71K","1.65%"
"Mar 05, 2016","397.4","408.8","410.1","389.7","46.95K","-2.80%"
"Mar 04, 2016","408.8","420.6","424.0","407.7","21.75K","-2.79%"
"Mar 03, 2016","420.6","422.1","424.4","416.4","20.87K","-0.39%"
"Mar 02, 2016","422.2","434.8","436.3","421.1","16.46K","-2.90%"
"Mar 01, 2016","434.8","439.2","442.8","428.5","19.63K","-0.99%"
"Feb 29, 2016","439.2","434.5","444.8","430.5","20.40K","1.08%"
"Feb 28, 2016","434.5","434.2","437.8","422.1","19.86K","0.06%"
"Feb 27, 2016","434.2","435.5","438.0","431.8","11.59K","-0.25%"
"Feb 26, 2016","435.3","424.9","435.3","420.0","18.85K","2.45%"
"Feb 25, 2016","424.9","426.4","430.0","419.5","13.60K","-0.35%"
"Feb 24, 2016","426.4","421.4","427.5","410.7","22.43K","1.24%"
"Feb 23, 2016","421.1","440.3","442.6","416.3","32.43K","-4.35%"
"Feb 22, 2016","440.3","440.5","442.5","433.4","16.34K","-0.05%"
"Feb 21, 2016","440.5","438.7","451.2","428.3","43.01K","0.41%"
"Feb 20, 2016","438.7","419.8","445.0","419.7","47.48K","4.45%"
"Feb 19, 2016","420.0","421.5","422.5","412.0","13.26K","-0.36%"
"Feb 18, 2016","421.5","414.9","426.0","413.1","25.23K","1.60%"
"Feb 17, 2016","414.9","407.3","421.7","405.3","30.40K","1.86%"
"Feb 16, 2016","407.3","399.9","408.8","398.7","13.99K","1.84%"
"Feb 15, 2016","399.9","408.3","412.5","395.4","30.13K","-2.06%"
"Feb 14, 2016","408.3","393.0","408.7","393.0","29.47K","3.90%"
"Feb 13, 2016","393.0","382.9","393.0","382.6","14.73K","2.61%"
"Feb 12, 2016","383.0","378.0","383.5","377.1","10.15K","1.32%"
"Feb 11, 2016","378.0","380.9","383.0","372.3","14.52K","-0.76%"
"Feb 10, 2016","380.9","374.3","386.5","373.1","33.67K","1.85%"
"Feb 09, 2016","374.0","370.5","377.6","370.3","9.08K","0.94%"
"Feb 08, 2016","370.5","372.0","376.7","369.1","16.88K","-0.41%"
"Feb 07, 2016","372.0","373.7","377.8","369.2","13.06K","-0.47%"
"Feb 06, 2016","373.8","386.5","386.5","366.4","40.20K","-3.31%"
"Feb 05, 2016","386.5","389.8","392.6","384.5","16.90K","-0.84%"
"Feb 04, 2016","389.8","369.0","393.9","368.6","37.34K","5.64%"
"Feb 03, 2016","369.0","372.9","374.0","366.0","13.20K","-1.05%"
"Feb 02, 2016","372.9","371.4","374.8","369.9","10.44K","0.40%"
"Feb 01, 2016","371.4","365.5","379.0","363.3","24.84K","1.62%"
"Jan 31, 2016","365.5","377.0","378.9","362.6","14.85K","-3.04%"
"Jan 30, 2016","377.0","377.6","380.5","374.0","10.50K","-0.18%"
"Jan 29, 2016","377.6","378.4","385.3","360.2","62.20K","-0.20%"
"Jan 28, 2016","378.4","394.7","395.5","375.6","25.03K","-4.20%"
"Jan 27, 2016","395.0","391.3","397.0","389.7","8.54K","0.93%"
"Jan 26, 2016","391.3","391.0","398.0","387.5","13.32K","0.09%"
"Jan 25, 2016","391.0","402.8","402.8","384.0","22.66K","-2.93%"
"Jan 24, 2016","402.8","385.6","407.0","385.1","23.22K","4.46%"
"Jan 23, 2016","385.6","381.0","394.0","379.9","21.47K","1.21%"
"Jan 22, 2016","381.0","411.0","411.2","371.3","62.21K","-7.31%"
"Jan 21, 2016","411.0","419.5","424.6","405.0","29.03K","-2.01%"
"Jan 20, 2016","419.4","378.9","428.0","375.0","82.80K","10.67%"
"Jan 19, 2016","379.0","387.0","388.4","377.4","17.19K","-2.09%"
"Jan 18, 2016","387.0","382.0","389.4","375.1","19.55K","1.30%"
"Jan 17, 2016","382.1","388.4","392.8","378.8","20.63K","-1.63%"
"Jan 16, 2016","388.4","359.0","392.4","353.2","74.07K","8.24%"
"Jan 15, 2016","358.9","429.3","429.4","358.0","123.88K","-16.40%"
"Jan 14, 2016","429.3","431.1","434.9","426.0","13.30K","-0.42%"
"Jan 13, 2016","431.1","432.0","436.4","416.4","33.24K","-0.22%"
"Jan 12, 2016","432.0","449.3","449.6","429.3","20.66K","-3.83%"
"Jan 11, 2016","449.3","449.4","452.5","443.6","14.81K","-0.02%"
"Jan 10, 2016","449.4","449.2","450.3","441.0","13.75K","0.03%"
"Jan 09, 2016","449.2","454.0","456.0","447.5","8.76K","-1.05%"
"Jan 08, 2016","454.0","458.8","465.0","446.8","30.45K","-1.10%"
"Jan 07, 2016","459.0","428.9","461.9","427.1","55.66K","7.26%"
"Jan 06, 2016","428.0","431.8","432.2","425.0","8.74K","-0.89%"
"Jan 05, 2016","431.8","432.9","434.9","428.2","11.22K","-0.24%"
"Jan 04, 2016","432.9","428.6","435.7","427.0","13.02K","0.99%"
"Jan 03, 2016","428.7","432.7","433.1","422.0","19.18K","-0.93%"
"Jan 02, 2016","432.7","434.0","435.8","430.0","6.38K","-0.29%"
"Jan 01, 2016","434.0","429.0","436.5","426.3","12.97K","1.16%"
"Dec 31, 2015","429.0","424.7","432.6","412.5","21.49K","1.02%"
"Dec 30, 2015","424.7","431.8","434.0","420.0","22.10K","-1.66%"
"Dec 29, 2015","431.9","420.1","432.2","418.0","22.02K","2.76%"
"Dec 28, 2015","420.2","422.3","429.0","417.0","24.27K","-0.50%"
"Dec 27, 2015","422.4","416.5","424.9","407.0","27.80K","1.41%"
"Dec 26, 2015","416.5","455.5","459.3","405.5","96.51K","-8.55%"
"Dec 25, 2015","455.5","456.1","460.0","445.9","15.14K","-0.14%"
"Dec 24, 2015","456.1","442.6","459.0","442.5","20.08K","3.05%"
"Dec 23, 2015","442.6","435.6","445.8","434.6","16.26K","1.60%"
"Dec 22, 2015","435.6","437.5","443.6","433.5","18.50K","-0.52%"
"Dec 21, 2015","437.9","442.6","445.9","424.9","43.21K","-1.06%"
"Dec 20, 2015","442.6","462.4","462.7","431.8","46.39K","-4.29%"
"Dec 19, 2015","462.5","463.5","467.0","452.8","21.14K","-0.23%"
"Dec 18, 2015","463.5","455.6","466.6","452.0","27.21K","1.68%"
"Dec 17, 2015","455.8","455.0","458.5","446.3","17.77K","0.20%"
"Dec 16, 2015","455.0","466.0","467.0","440.0","67.34K","-2.48%"
"Dec 15, 2015","466.5","442.6","467.0","442.5","41.00K","5.40%"
"Dec 14, 2015","442.6","432.5","448.1","427.6","27.33K","2.21%"
"Dec 13, 2015","433.0","435.6","443.8","418.3","33.60K","-0.61%"
"Dec 12, 2015","435.7","457.0","475.0","404.4","106.47K","-4.52%"
"Dec 11, 2015","456.3","414.9","457.0","414.8","72.67K","9.96%"
"Dec 10, 2015","414.9","418.7","421.0","411.2","21.39K","-0.91%"
"Dec 09, 2015","418.7","422.0","426.0","406.5","53.65K","-0.49%"
"Dec 08, 2015","420.8","396.7","421.4","388.4","30.42K","6.07%"
"Dec 07, 2015","396.7","390.6","403.8","384.9","35.18K","1.56%"
"Dec 06, 2015","390.6","390.0","406.8","386.0","57.86K","0.15%"
"Dec 05, 2015","390.0","363.2","394.0","362.2","45.80K","7.39%"
"Dec 04, 2015","363.2","360.5","364.4","354.3","14.64K","0.68%"
"Dec 03, 2015","360.7","359.1","371.1","352.9","27.46K","0.44%"
"Dec 02, 2015","359.1","362.7","363.1","346.2","31.55K","-0.98%"
"Dec 01, 2015","362.7","376.9","380.0","353.2","44.10K","-3.77%"
"Nov 30, 2015","376.9","373.9","384.5","370.0","47.64K","0.96%"
"Nov 29, 2015","373.3","358.6","376.0","355.6","25.47K","4.06%"
"Nov 28, 2015","358.7","358.9","362.1","351.2","19.34K","-0.05%"
"Nov 27, 2015","358.9","354.0","366.7","348.2","35.90K","1.39%"
"Nov 26, 2015","354.0","329.9","369.1","329.4","80.51K","7.32%"
"Nov 25, 2015","329.9","320.1","331.0","316.0","20.61K","3.05%"
"Nov 24, 2015","320.1","323.6","323.8","315.8","9.62K","-1.09%"
"Nov 23, 2015","323.6","324.7","327.0","320.9","7.81K","-0.32%"
"Nov 22, 2015","324.7","327.8","327.9","320.4","7.34K","-0.88%"
"Nov 21, 2015","327.5","322.2","329.0","319.0","10.33K","1.66%"
"Nov 20, 2015","322.2","326.5","326.8","309.5","30.09K","-1.32%"
"Nov 19, 2015","326.5","335.9","336.4","324.5","18.95K","-2.81%"
"Nov 18, 2015","336.0","336.3","338.8","328.1","15.61K","-0.10%"
"Nov 17, 2015","336.3","332.1","342.5","331.0","27.34K","1.25%"
"Nov 16, 2015","332.1","320.5","335.0","315.2","25.78K","3.45%"
"Nov 15, 2015","321.1","333.4","336.4","315.0","31.61K","-3.70%"
"Nov 14, 2015","333.4","338.5","340.7","329.0","20.32K","-1.52%"
"Nov 13, 2015","338.5","337.6","343.6","326.2","30.12K","0.59%"
"Nov 12, 2015","336.6","314.3","346.2","314.1","57.48K","7.19%"
"Nov 11, 2015","314.0","340.2","343.6","300.8","116.71K","-7.70%"
"Nov 10, 2015","340.2","381.1","383.4","327.0","89.42K","-10.71%"
"Nov 09, 2015","381.0","374.1","388.8","360.9","38.12K","1.87%"
"Nov 08, 2015","374.0","384.9","390.3","365.7","30.58K","-2.76%"
"Nov 07, 2015","384.6","375.6","392.2","371.7","34.27K","2.41%"
"Nov 06, 2015","375.6","387.9","396.7","351.5","106.74K","-3.20%"
"Nov 05, 2015","388.0","409.2","449.1","371.0","157.82K","-5.20%"
"Nov 04, 2015","409.2","405.0","503.4","366.7","274.85K","0.97%"
"Nov 03, 2015","405.3","365.3","423.9","361.9","171.37K","11.04%"
"Nov 02, 2015","365.0","330.2","372.5","326.8","70.99K","10.38%"
"Nov 01, 2015","330.7","316.0","333.5","313.6","25.68K","4.65%"
"Oct 31, 2015","316.0","328.2","335.4","307.2","42.94K","-3.71%"
"Oct 30, 2015","328.2","314.9","336.0","313.8","62.92K","4.23%"
"Oct 29, 2015","314.9","304.5","321.1","301.5","51.16K","3.41%"
"Oct 28, 2015","304.5","295.3","308.0","295.3","35.57K","3.16%"
"Oct 27, 2015","295.2","287.2","298.7","287.1","26.75K","2.77%"
"Oct 26, 2015","287.2","284.7","287.9","282.3","17.19K","0.85%"
"Oct 25, 2015","284.8","284.2","296.0","281.2","43.57K","0.21%"
"Oct 24, 2015","284.2","279.2","284.5","279.0","13.33K","1.78%"
"Oct 23, 2015","279.2","275.8","280.9","275.1","15.81K","1.23%"
"Oct 22, 2015","275.8","267.8","280.0","267.3","27.29K","3.00%"
"Oct 21, 2015","267.8","271.0","272.3","264.1","10.60K","-1.17%"
"Oct 20, 2015","271.0","265.1","273.9","264.5","14.40K","2.23%"
"Oct 19, 2015","265.0","265.0","268.3","262.4","10.98K","0.00%"
"Oct 18, 2015","265.0","272.9","274.6","263.3","15.65K","-2.89%"
"Oct 17, 2015","272.9","263.5","275.1","258.3","42.83K","3.59%"
"Oct 16, 2015","263.5","255.2","267.8","254.9","21.91K","3.24%"
"Oct 15, 2015","255.2","253.5","257.5","253.4","10.47K","0.65%"
"Oct 14, 2015","253.5","251.3","255.9","250.1","10.29K","0.91%"
"Oct 13, 2015","251.3","246.2","253.4","244.1","16.63K","2.10%"
"Oct 12, 2015","246.1","248.0","248.4","245.4","5.15K","-0.74%"
"Oct 11, 2015","247.9","246.0","248.7","244.8","4.87K","0.78%"
"Oct 10, 2015","246.0","244.8","246.4","243.6","4.20K","0.49%"
"Oct 09, 2015","244.8","243.0","245.4","242.6","3.64K","0.76%"
"Oct 08, 2015","243.0","244.0","245.6","242.6","5.98K","-0.50%"
"Oct 07, 2015","244.2","247.4","247.9","243.5","8.75K","-1.28%"
"Oct 06, 2015","247.4","242.0","249.0","241.5","16.29K","2.21%"
"Oct 05, 2015","242.0","239.5","242.7","237.2","12.26K","1.05%"
"Oct 04, 2015","239.5","239.8","240.9","239.3","2.04K","-0.12%"
"Oct 03, 2015","239.8","237.9","241.1","237.7","6.22K","0.81%"
"Oct 02, 2015","237.9","238.5","240.0","237.3","5.61K","-0.26%"
"Oct 01, 2015","238.5","236.5","240.1","236.2","6.11K","0.84%"
"Sep 30, 2015","236.5","236.8","238.8","235.1","5.21K","-0.13%"
"Sep 29, 2015","236.8","240.4","241.5","236.6","9.41K","-1.51%"
"Sep 28, 2015","240.4","233.4","241.4","233.4","12.49K","3.03%"
"Sep 27, 2015","233.4","234.6","234.8","233.1","2.61K","-0.54%"
"Sep 26, 2015","234.6","235.3","235.9","233.8","4.80K","-0.27%"
"Sep 25, 2015","235.3","234.6","237.6","233.1","9.87K","0.26%"
"Sep 24, 2015","234.6","230.5","236.3","230.5","15.50K","1.78%"
"Sep 23, 2015","230.5","231.1","233.0","230.0","5.70K","-0.32%"
"Sep 22, 2015","231.3","227.2","233.3","224.5","18.74K","1.78%"
"Sep 21, 2015","227.2","232.1","233.0","226.4","9.26K","-2.11%"
"Sep 20, 2015","232.1","232.1","233.2","231.4","3.48K","0.00%"
"Sep 19, 2015","232.1","233.8","234.2","231.4","4.96K","-0.72%"
"Sep 18, 2015","233.8","233.6","236.2","232.5","8.68K","0.07%"
"Sep 17, 2015","233.6","229.0","235.7","229.0","11.26K","2.02%"
"Sep 16, 2015","229.0","230.9","232.1","227.4","8.81K","-0.84%"
"Sep 15, 2015","230.9","230.9","232.9","229.5","6.85K","0.00%"
"Sep 14, 2015","230.9","231.0","233.8","228.4","9.71K","-0.03%"
"Sep 13, 2015","231.0","235.8","236.9","228.9","12.44K","-2.04%"
"Sep 12, 2015","235.8","240.6","241.0","235.3","9.85K","-2.01%"
"Sep 11, 2015","240.6","239.5","242.9","239.4","7.12K","0.46%"
"Sep 10, 2015","239.5","238.9","241.9","237.0","10.81K","0.23%"
"Sep 09, 2015","238.9","244.2","245.6","238.5","14.37K","-2.15%"
"Sep 08, 2015","244.2","240.9","247.7","240.3","16.34K","1.39%"
"Sep 07, 2015","240.9","241.0","243.0","239.0","6.95K","-0.05%"
"Sep 06, 2015","241.0","235.8","246.5","235.5","20.52K","2.18%"
"Sep 05, 2015","235.8","230.9","239.7","230.0","12.20K","2.14%"
"Sep 04, 2015","230.9","227.3","231.6","227.1","10.81K","1.60%"
"Sep 03, 2015","227.3","229.7","229.9","226.2","6.91K","-1.07%"
"Sep 02, 2015","229.7","228.2","231.8","226.5","9.01K","0.64%"
"Sep 01, 2015","228.2","231.4","232.3","226.6","9.83K","-1.34%"
"Aug 31, 2015","231.4","230.0","233.7","225.3","11.02K","0.59%"
"Aug 30, 2015","230.0","230.8","233.5","225.8","8.70K","-0.33%"
"Aug 29, 2015","230.8","231.8","233.9","227.2","10.10K","-0.47%"
"Aug 28, 2015","231.8","225.8","237.3","220.1","27.31K","2.67%"
"Aug 27, 2015","225.8","226.1","229.2","224.0","11.63K","-0.18%"
"Aug 26, 2015","226.2","222.7","232.2","220.1","23.85K","1.59%"
"Aug 25, 2015","222.7","210.5","227.9","198.0","69.53K","5.78%"
"Aug 24, 2015","210.5","228.1","228.6","208.5","53.50K","-7.89%"
"Aug 23, 2015","228.5","230.3","232.9","225.6","12.01K","-0.76%"
"Aug 22, 2015","230.3","232.2","234.6","222.0","20.89K","-0.82%"
"Aug 21, 2015","232.2","235.5","236.4","230.5","13.00K","-1.43%"
"Aug 20, 2015","235.5","226.3","237.8","226.3","26.46K","4.11%"
"Aug 19, 2015","226.2","194.0","239.4","194.0","93.88K","23.62%"
"Aug 18, 2015","183.0","258.5","258.5","171.0","72.15K","-29.20%"
"Aug 17, 2015","258.5","259.9","262.0","257.5","9.90K","-0.54%"
"Aug 16, 2015","259.9","262.2","262.9","256.5","27.30K","-0.85%"
"Aug 15, 2015","262.1","266.3","267.8","261.0","10.49K","-1.48%"
"Aug 14, 2015","266.1","264.5","268.9","262.1","13.43K","0.61%"
"Aug 13, 2015","264.5","267.1","268.0","263.3","12.91K","-0.98%"
"Aug 12, 2015","267.1","272.0","273.8","265.8","16.28K","-1.79%"
"Aug 11, 2015","272.0","265.1","272.0","264.8","12.67K","2.59%"
"Aug 10, 2015","265.1","265.6","267.7","262.2","10.70K","-0.18%"
"Aug 09, 2015","265.6","261.3","267.6","260.7","21.20K","1.62%"
"Aug 08, 2015","261.3","280.2","280.3","260.6","36.82K","-6.70%"
"Aug 07, 2015","280.1","279.1","281.0","276.1","12.44K","0.37%"
"Aug 06, 2015","279.1","282.6","282.6","278.1","10.15K","-1.25%"
"Aug 05, 2015","282.6","285.5","285.9","281.6","7.69K","-1.00%"
"Aug 04, 2015","285.5","281.3","285.9","281.3","12.06K","1.49%"
"Aug 03, 2015","281.3","282.4","287.0","279.7","14.67K","-0.43%"
"Aug 02, 2015","282.5","280.3","283.3","276.3","11.77K","0.77%"
"Aug 01, 2015","280.3","284.5","285.0","276.5","12.28K","-1.45%"
"Jul 31, 2015","284.5","288.2","289.9","282.0","14.63K","-1.30%"
"Jul 30, 2015","288.2","289.9","291.0","285.0","12.16K","-0.59%"
"Jul 29, 2015","289.9","295.2","295.4","286.6","15.75K","-1.80%"
"Jul 28, 2015","295.2","294.8","298.9","293.6","14.44K","0.13%"
"Jul 27, 2015","294.8","293.0","298.7","286.0","25.41K","0.62%"
"Jul 26, 2015","293.0","289.4","294.5","288.1","9.30K","1.26%"
"Jul 25, 2015","289.4","288.6","292.4","286.4","11.82K","0.26%"
"Jul 24, 2015","288.6","276.5","289.9","276.0","24.08K","4.37%"
"Jul 23, 2015","276.5","278.0","278.4","275.6","5.44K","-0.53%"
"Jul 22, 2015","278.0","275.8","278.4","274.5","11.13K","0.80%"
"Jul 21, 2015","275.8","280.2","282.1","275.3","13.40K","-1.62%"
"Jul 20, 2015","280.3","275.0","280.5","273.5","11.82K","1.92%"
"Jul 19, 2015","275.0","277.3","279.2","274.7","7.94K","-0.80%"
"Jul 18, 2015","277.3","279.9","283.3","276.1","15.40K","-0.93%"
"Jul 17, 2015","279.9","278.9","281.5","272.1","25.52K","0.33%"
"Jul 16, 2015","278.9","285.4","294.3","275.2","53.00K","-2.28%"
"Jul 15, 2015","285.4","286.9","294.4","283.5","21.92K","-0.50%"
"Jul 14, 2015","286.9","292.6","297.1","286.1","23.27K","-1.98%"
"Jul 13, 2015","292.6","311.1","312.0","284.5","74.07K","-5.94%"
"Jul 12, 2015","311.1","300.6","316.0","300.5","61.47K","8.52%"
"Jul 10, 2015","286.7","269.2","292.7","268.6","68.25K","6.49%"
"Jul 09, 2015","269.2","270.0","272.8","268.0","24.11K","-0.59%"
"Jul 08, 2015","270.8","269.5","271.4","267.4","27.02K","2.00%"
"Jul 07, 2015","265.5","268.8","268.9","263.3","45.25K","-3.39%"
"Jul 06, 2015","274.8","270.1","276.5","268.1","61.92K","3.63%"
"Jul 05, 2015","265.2","260.6","265.3","258.0","14.57K","1.77%"
"Jul 04, 2015","260.6","256.1","261.9","253.6","9.77K","1.77%"
"Jul 03, 2015","256.0","254.5","256.9","252.1","11.55K","0.60%"
"Jul 02, 2015","254.5","258.1","262.6","253.0","17.29K","-1.39%"
"Jul 01, 2015","258.1","262.9","264.8","253.5","21.83K","-1.82%"
"Jun 30, 2015","262.9","256.7","268.9","254.7","47.01K","2.42%"
"Jun 29, 2015","256.7","248.7","257.7","248.6","34.74K","3.20%"
"Jun 28, 2015","248.7","251.6","252.1","247.3","12.89K","-1.15%"
"Jun 27, 2015","251.6","243.3","251.8","242.6","18.14K","3.42%"
"Jun 26, 2015","243.3","242.1","243.9","240.6","10.14K","0.51%"
"Jun 25, 2015","242.1","239.8","243.0","239.5","9.22K","0.94%"
"Jun 24, 2015","239.8","244.3","244.3","239.5","15.32K","-1.82%"
"Jun 23, 2015","244.3","246.7","247.4","242.3","11.61K","-0.98%"
"Jun 22, 2015","246.7","244.3","248.0","243.5","18.48K","0.99%"
"Jun 21, 2015","244.3","245.4","245.7","241.1","8.15K","-0.46%"
"Jun 20, 2015","245.4","244.6","245.9","240.1","24.30K","0.33%"
"Jun 19, 2015","244.6","249.5","252.1","243.7","23.64K","-1.98%"
"Jun 18, 2015","249.5","248.9","253.7","243.0","27.90K","0.22%"
"Jun 17, 2015","248.9","252.1","259.1","246.1","47.81K","-1.24%"
"Jun 16, 2015","252.1","237.0","253.9","236.0","50.14K","6.37%"
"Jun 15, 2015","237.0","233.5","238.2","233.4","19.15K","1.47%"
"Jun 14, 2015","233.5","232.9","235.4","232.5","8.29K","0.29%"
"Jun 13, 2015","232.9","229.4","233.5","228.4","11.07K","1.49%"
"Jun 12, 2015","229.4","230.0","231.3","229.1","9.92K","-0.17%"
"Jun 11, 2015","229.8","228.6","230.7","228.6","9.41K","0.53%"
"Jun 10, 2015","228.6","229.1","229.9","227.5","10.79K","-0.20%"
"Jun 09, 2015","229.1","228.8","232.0","227.8","16.32K","0.13%"
"Jun 08, 2015","228.8","223.3","230.6","223.3","28.89K","2.46%"
"Jun 07, 2015","223.3","225.7","226.7","222.3","17.35K","-1.06%"
"Jun 06, 2015","225.6","224.5","226.9","223.9","6.73K","0.51%"
"Jun 05, 2015","224.5","223.2","229.2","222.7","17.66K","0.57%"
"Jun 04, 2015","223.2","225.1","225.8","222.6","11.04K","-0.83%"
"Jun 03, 2015","225.1","224.7","227.0","222.3","17.15K","0.19%"
"Jun 02, 2015","224.7","222.0","226.0","221.0","16.50K","1.21%"
"Jun 01, 2015","222.0","228.7","230.9","219.8","31.97K","-2.93%"
"May 31, 2015","228.7","232.5","232.7","227.1","11.67K","-1.65%"
"May 30, 2015","232.5","236.5","236.7","230.7","14.70K","-1.68%"
"May 29, 2015","236.5","236.9","237.2","235.0","6.85K","-0.14%"
"May 28, 2015","236.9","236.9","237.5","235.9","5.85K","0.00%"
"May 27, 2015","236.9","237.4","239.3","235.6","9.11K","-0.21%"
"May 26, 2015","237.4","237.1","238.5","235.3","8.82K","0.11%"
"May 25, 2015","237.1","241.0","241.1","236.1","8.68K","-1.60%"
"May 24, 2015","240.9","238.8","243.0","238.6","7.19K","0.90%"
"May 23, 2015","238.8","241.0","241.2","237.6","8.51K","-0.90%"
"May 22, 2015","241.0","235.3","241.8","234.6","22.83K","2.42%"
"May 21, 2015","235.3","234.2","236.5","233.9","10.51K","0.44%"
"May 20, 2015","234.2","231.7","235.2","231.6","11.45K","1.10%"
"May 19, 2015","231.7","232.8","235.7","231.2","5.97K","-0.48%"
"May 18, 2015","232.8","236.1","237.3","229.0","14.19K","-1.44%"
"May 17, 2015","236.2","235.7","238.0","235.6","4.80K","0.22%"
"May 16, 2015","235.7","237.3","237.6","234.0","6.05K","-0.67%"
"May 15, 2015","237.3","236.7","238.9","233.9","9.55K","0.26%"
"May 14, 2015","236.7","235.7","238.2","232.1","19.41K","0.37%"
"May 13, 2015","235.8","241.9","245.0","234.3","28.22K","-2.47%"
"May 12, 2015","241.8","242.5","244.4","240.9","13.11K","-0.28%"
"May 11, 2015","242.5","240.7","245.5","238.5","16.05K","0.79%"
"May 10, 2015","240.6","242.5","245.9","238.8","11.87K","-0.81%"
"May 09, 2015","242.5","244.5","249.1","240.1","19.38K","-0.80%"
"May 08, 2015","244.5","237.3","248.5","236.2","31.13K","3.04%"
"May 07, 2015","237.3","229.3","239.8","227.8","27.41K","3.50%"
"May 06, 2015","229.3","235.9","236.8","227.3","47.41K","-2.80%"
"May 05, 2015","235.9","238.5","239.4","231.1","26.12K","-1.12%"
"May 04, 2015","238.5","240.6","243.6","237.0","24.76K","-0.90%"
"May 03, 2015","240.7","234.8","243.7","235.7","19.11K","2.51%"
"May 02, 2015","234.8","231.8","235.8","231.8","9.04K","1.31%"
"May 01, 2015","231.8","236.1","239.2","231.3","16.62K","-1.83%"
"Apr 30, 2015","236.1","225.2","240.2","224.6","41.29K","4.83%"
"Apr 29, 2015","225.2","225.3","227.8","222.7","12.20K","-0.03%"
"Apr 28, 2015","225.3","227.1","228.1","222.2","17.29K","-1.05%"
"Apr 27, 2015","227.7","219.7","232.0","218.2","35.14K","3.63%"
"Apr 26, 2015","219.7","226.1","221.5","214.0","40.92K","-2.83%"
"Apr 25, 2015","226.1","231.4","232.7","225.8","13.38K","-2.28%"
"Apr 24, 2015","231.4","236.0","236.2","228.7","22.53K","-1.96%"
"Apr 23, 2015","236.0","234.1","237.0","233.0","8.81K","0.80%"
"Apr 22, 2015","234.1","237.0","239.0","232.4","22.86K","-0.70%"
"Apr 21, 2015","235.8","224.2","236.2","224.2","30.99K","5.17%"
"Apr 20, 2015","224.2","222.2","227.0","221.5","19.97K","0.90%"
"Apr 19, 2015","222.2","223.1","226.8","222.1","17.64K","-0.39%"
"Apr 18, 2015","223.1","222.4","224.2","219.9","11.90K","0.31%"
"Apr 17, 2015","222.4","228.5","229.0","219.6","27.14K","-2.66%"
"Apr 16, 2015","228.5","224.0","230.0","223.0","29.32K","2.00%"
"Apr 15, 2015","224.0","220.2","224.0","219.0","23.60K","1.72%"
"Apr 14, 2015","220.2","225.0","225.8","216.4","40.75K","-2.14%"
"Apr 13, 2015","225.0","236.4","237.7","220.3","47.16K","-4.81%"
"Apr 12, 2015","236.4","236.9","238.7","232.8","10.17K","-0.20%"
"Apr 11, 2015","236.9","236.1","240.0","233.8","17.64K","0.31%"
"Apr 10, 2015","236.1","243.6","243.7","230.8","37.33K","-3.06%"
"Apr 09, 2015","243.6","244.9","246.8","236.5","22.75K","-0.55%"
"Apr 08, 2015","244.9","253.7","255.0","243.1","39.68K","-3.46%"
"Apr 07, 2015","253.7","255.6","257.9","253.0","10.53K","-0.74%"
"Apr 06, 2015","255.6","260.5","262.4","253.7","20.82K","-1.88%"
"Apr 05, 2015","260.5","253.6","261.3","251.6","23.93K","2.72%"
"Apr 04, 2015","253.6","254.2","255.7","250.4","9.42K","-0.25%"
"Apr 03, 2015","254.2","253.2","256.4","250.7","28.36K","0.39%"
"Apr 02, 2015","253.2","246.9","254.9","244.6","26.22K","2.55%"
"Apr 01, 2015","246.9","244.5","248.5","239.5","23.54K","1.06%"
"Mar 31, 2015","244.3","247.9","248.8","242.0","22.44K","-1.45%"
"Mar 30, 2015","247.9","242.7","248.7","246.9","30.64K","2.26%"
"Mar 29, 2015","242.4","252.9","250.0","239.5","31.54K","-4.15%"
"Mar 28, 2015","252.9","246.5","255.4","246.5","17.80K","2.62%"
"Mar 27, 2015","246.5","249.2","250.4","245.3","22.46K","-1.08%"
"Mar 26, 2015","249.2","246.3","255.0","246.3","33.27K","1.33%"
"Mar 25, 2015","245.9","246.0","250.0","235.7","54.42K","-0.03%"
"Mar 24, 2015","246.0","267.2","268.4","241.5","62.94K","-7.94%"
"Mar 23, 2015","267.2","268.8","271.5","262.0","23.56K","-0.59%"
"Mar 22, 2015","268.8","260.5","270.8","259.8","18.25K","3.21%"
"Mar 21, 2015","260.5","262.2","263.0","255.5","15.11K","-0.66%"
"Mar 20, 2015","262.2","262.0","267.0","259.4","16.27K","0.13%"
"Mar 19, 2015","261.9","257.3","267.9","248.1","78.90K","1.77%"
"Mar 18, 2015","257.3","285.1","285.2","249.0","89.46K","-9.80%"
"Mar 17, 2015","285.3","291.2","292.8","283.0","22.13K","-2.05%"
"Mar 16, 2015","291.2","286.9","295.1","289.3","22.32K","1.51%"
"Mar 15, 2015","286.9","282.6","287.8","283.4","13.62K","1.52%"
"Mar 14, 2015","282.6","283.2","287.5","281.4","26.05K","-0.24%"
"Mar 13, 2015","283.3","295.5","295.9","282.1","43.54K","-4.15%"
"Mar 12, 2015","295.6","296.7","298.8","292.4","27.18K","-0.38%"
"Mar 11, 2015","296.7","292.6","298.7","291.1","26.09K","1.37%"
"Mar 10, 2015","292.7","291.0","303.8","290.0","67.18K","0.57%"
"Mar 09, 2015","291.0","275.6","295.0","279.0","62.86K","5.60%"
"Mar 08, 2015","275.6","277.0","278.7","272.0","14.62K","-0.50%"
"Mar 07, 2015","277.0","273.4","280.0","270.6","22.14K","1.38%"
"Mar 06, 2015","273.2","277.7","277.9","269.7","40.56K","-1.62%"
"Mar 05, 2015","277.7","273.3","284.5","262.9","66.63K","1.60%"
"Mar 04, 2015","273.3","283.8","286.0","267.4","71.03K","-3.67%"
"Mar 03, 2015","283.8","277.3","290.3","268.0","82.29K","2.33%"
"Mar 02, 2015","277.3","262.4","279.6","259.2","66.41K","5.68%"
"Mar 01, 2015","262.4","255.7","266.0","245.8","46.96K","2.62%"
"Feb 28, 2015","255.7","255.1","257.4","251.3","17.59K","0.29%"
"Feb 27, 2015","255.0","236.9","262.6","236.6","69.50K","7.61%"
"Feb 26, 2015","236.9","238.0","238.3","233.8","18.69K","-0.45%"
"Feb 25, 2015","238.0","239.7","240.8","235.6","13.56K","-0.73%"
"Feb 24, 2015","239.7","239.4","241.0","236.7","16.66K","0.14%"
"Feb 23, 2015","239.4","236.5","241.0","232.6","23.92K","1.23%"
"Feb 22, 2015","236.5","245.5","247.8","232.4","33.48K","-3.69%"
"Feb 21, 2015","245.6","244.5","247.7","243.3","16.44K","0.43%"
"Feb 20, 2015","244.5","240.0","248.3","238.9","31.65K","1.79%"
"Feb 19, 2015","240.2","236.3","243.4","235.0","23.47K","1.65%"
"Feb 18, 2015","236.3","244.0","245.0","231.7","39.24K","-3.16%"
"Feb 17, 2015","244.0","233.5","246.3","231.5","41.39K","4.45%"
"Feb 16, 2015","233.6","235.9","243.3","229.0","47.11K","-0.97%"
"Feb 15, 2015","235.9","257.0","268.3","228.2","103.42K","-8.29%"
"Feb 14, 2015","257.2","236.1","261.2","235.5","80.10K","8.96%"
"Feb 13, 2015","236.1","222.6","242.5","221.5","68.09K","6.16%"
"Feb 12, 2015","222.4","220.0","223.2","217.8","20.02K","1.17%"
"Feb 11, 2015","219.8","221.4","223.3","218.1","19.23K","-0.49%"
"Feb 10, 2015","220.9","221.1","222.0","215.0","5.40K","-0.10%"
"Feb 09, 2015","221.1","224.0","225.0","216.4","6.55K","-1.29%"
"Feb 08, 2015","224.0","229.2","231.6","220.0","4.30K","-2.19%"
"Feb 07, 2015","229.0","223.2","230.5","222.7","4.10K","2.60%"
"Feb 06, 2015","223.2","216.8","226.6","216.0","5.69K","2.97%"
"Feb 05, 2015","216.8","227.1","228.9","215.0","7.41K","-4.56%"
"Feb 04, 2015","227.1","228.8","231.0","221.5","9.15K","-0.64%"
"Feb 03, 2015","228.6","237.0","243.9","225.3","8.32K","-3.89%"
"Feb 02, 2015","237.8","228.4","240.1","220.9","7.45K","3.86%"
"Feb 01, 2015","229.0","218.7","233.8","210.0","7.23K","4.82%"
"Jan 31, 2015","218.4","229.0","234.7","217.1","5.60K","-4.64%"
"Jan 30, 2015","229.1","235.0","244.6","227.9","5.77K","-2.54%"
"Jan 29, 2015","235.0","235.9","242.0","221.1","6.64K","-0.45%"
"Jan 28, 2015","236.1","264.0","266.0","228.5","5.34K","-10.45%"
"Jan 27, 2015","263.6","274.7","278.5","244.0","1.63K","-3.95%"
"Jan 26, 2015","274.5","262.8","322.7","241.4","5.18K","7.84%"
"Jan 25, 2015","254.5","248.0","256.3","245.3","0.48K","6.05%"
"Jan 24, 2015","240.0","215.0","250.6","215.0","0.00K","2.13%"
"Jan 23, 2015","235.0","230.0","235.0","215.0","-","3.84%"
"Jan 22, 2015","226.3","245.5","257.7","216.6","0.00K","0.36%"
"Jan 21, 2015","225.5","219.0","225.5","219.0","-","3.44%"
"Jan 20, 2015","218.0","215.0","218.0","208.0","-","2.25%"
"Jan 19, 2015","213.2","211.2","216.2","208.8","1.19K","1.60%"
"Jan 18, 2015","209.9","202.9","218.3","197.1","1.97K","4.29%"
"Jan 17, 2015","201.2","207.2","211.0","198.2","2.64K","-2.64%"
"Jan 16, 2015","206.7","216.0","225.0","200.0","1.56K","-5.07%"
"Jan 15, 2015","217.7","181.1","234.5","176.5","3.30K","18.87%"
"Jan 14, 2015","183.2","230.3","230.5","164.9","9.67K","-20.31%"
"Jan 13, 2015","229.8","267.3","267.6","222.5","13.52K","-14.12%"
"Jan 12, 2015","267.6","267.2","281.0","265.5","2.56K","0.54%"
"Jan 11, 2015","266.2","274.8","280.0","265.0","1.42K","-3.22%"
"Jan 10, 2015","275.0","292.4","292.4","271.0","1.11K","-6.08%"
"Jan 09, 2015","292.8","285.4","295.6","283.0","1.26K","2.52%"
"Jan 08, 2015","285.6","296.2","296.2","285.6","1.31K","-3.82%"
"Jan 07, 2015","297.0","286.1","303.8","285.0","1.53K","4.07%"
"Jan 06, 2015","285.4","273.2","287.8","268.5","6.86K","4.46%"
"Jan 05, 2015","273.2","261.0","276.5","260.5","2.68K","5.57%"
"Jan 04, 2015","258.8","282.0","288.9","258.8","2.38K","-8.23%"
"Jan 03, 2015","282.0","314.8","314.8","282.0","1.30K","-10.51%"
"Jan 02, 2015","315.1","313.6","316.0","313.0","1.32K","0.40%"
"Jan 01, 2015","313.9","317.5","317.5","312.9","0.93K","-0.99%"